11,1.0,0.0,0.0,0.585,0.455,0.15,0.987,0.4355,0.2075,0.31
5,0.0,0.0,1.0,0.325,0.245,0.075,0.1495,0.0605,0.033,0.045
9,0.0,0.0,1.0,0.58,0.42,0.14,0.701,0.3285,0.102,0.2255
12,0.0,1.0,0.0,0.48,0.38,0.145,0.59,0.23199999999999998,0.141,0.23
11,0.0,1.0,0.0,0.44,0.355,0.115,0.415,0.1585,0.0925,0.131
4,0.0,0.0,1.0,0.245,0.18,0.065,0.071,0.03,0.013000000000000001,0.0215
7,1.0,0.0,0.0,0.63,0.51,0.17,1.1885,0.4915,0.3065,0.348
9,0.0,1.0,0.0,0.64,0.505,0.175,1.3185,0.6185,0.302,0.3315
10,1.0,0.0,0.0,0.45,0.335,0.125,0.349,0.11900000000000001,0.1055,0.115
11,0.0,0.0,1.0,0.56,0.44,0.155,0.8109999999999999,0.3685,0.17800000000000002,0.235
9,0.0,1.0,0.0,0.485,0.39,0.1,0.5565,0.2215,0.1155,0.185
7,1.0,0.0,0.0,0.455,0.375,0.125,0.484,0.2155,0.102,0.165
7,1.0,0.0,0.0,0.47,0.36,0.105,0.544,0.27,0.1395,0.129
10,1.0,0.0,0.0,0.585,0.46,0.165,1.1135,0.5825,0.2345,0.27399999999999997
6,0.0,0.0,1.0,0.24,0.185,0.07,0.0715,0.026000000000000002,0.018000000000000002,0.025
7,0.0,1.0,0.0,0.43,0.34,0.12,0.391,0.1555,0.095,0.1405
14,0.0,1.0,0.0,0.52,0.41,0.17,0.8705,0.3735,0.21899999999999997,0.25
7,0.0,0.0,1.0,0.375,0.285,0.09,0.257,0.1045,0.062,0.075
5,0.0,0.0,1.0,0.27,0.19,0.06,0.099,0.0445,0.017,0.03
8,0.0,1.0,0.0,0.415,0.305,0.13,0.32,0.1305,0.0755,0.105
6,0.0,0.0,1.0,0.38,0.29,0.1,0.237,0.10800000000000001,0.0395,0.08199999999999999
11,0.0,1.0,0.0,0.41,0.32,0.115,0.387,0.165,0.1005,0.0985
10,0.0,1.0,0.0,0.655,0.525,0.175,1.348,0.5855,0.2605,0.39399999999999996
16,0.0,0.0,1.0,0.6,0.445,0.175,1.057,0.38299999999999995,0.21600000000000003,0.355
16,0.0,1.0,0.0,0.615,0.5,0.205,1.1055,0.4445,0.22699999999999998,0.39
7,0.0,0.0,1.0,0.435,0.33,0.11,0.38,0.1515,0.0945,0.11
17,1.0,0.0,0.0,0.565,0.47,0.195,1.1420000000000001,0.387,0.258,0.35
17,0.0,1.0,0.0,0.505,0.41,0.15,0.6345,0.243,0.1335,0.215
8,0.0,0.0,1.0,0.435,0.33,0.105,0.335,0.156,0.0555,0.105
7,0.0,0.0,1.0,0.45,0.335,0.105,0.447,0.2335,0.153,0.11900000000000001
7,0.0,0.0,1.0,0.405,0.3,0.11,0.32,0.172,0.044000000000000004,0.09300000000000001
7,0.0,0.0,1.0,0.46,0.36,0.1,0.4635,0.2325,0.09300000000000001,0.115
8,0.0,0.0,1.0,0.435,0.34,0.12,0.396,0.1775,0.081,0.125
10,1.0,0.0,0.0,0.62,0.475,0.195,1.3585,0.5935,0.3365,0.3745
6,1.0,0.0,0.0,0.3,0.24,0.09,0.161,0.0725,0.039,0.05
16,1.0,0.0,0.0,0.545,0.45,0.16,0.8615,0.2925,0.1545,0.365
9,0.0,1.0,0.0,0.69,0.54,0.155,1.454,0.624,0.3105,0.39
6,0.0,0.0,1.0,0.44,0.345,0.115,0.545,0.26899999999999996,0.111,0.1305
15,0.0,1.0,0.0,0.54,0.44,0.16,1.0905,0.391,0.2295,0.355
10,1.0,0.0,0.0,0.755,0.58,0.205,2.0065,0.8295,0.4015,0.595
9,1.0,0.0,0.0,0.67,0.525,0.195,1.4405,0.6595,0.2675,0.425
9,0.0,1.0,0.0,0.725,0.58,0.185,1.5230000000000001,0.8045,0.3595,0.4375
10,1.0,0.0,0.0,0.6,0.45,0.195,1.34,0.617,0.3255,0.3605
10,0.0,1.0,0.0,0.425,0.335,0.095,0.322,0.1205,0.061,0.125
10,1.0,0.0,0.0,0.465,0.405,0.135,0.7775,0.436,0.1715,0.1455
12,0.0,1.0,0.0,0.705,0.555,0.195,1.7525,0.7105,0.4215,0.516
20,0.0,1.0,0.0,0.5,0.4,0.165,0.7105,0.27,0.1455,0.225
5,0.0,0.0,1.0,0.255,0.185,0.06,0.08800000000000001,0.0365,0.021,0.023
16,1.0,0.0,0.0,0.59,0.5,0.2,1.187,0.41200000000000003,0.2705,0.37
15,0.0,1.0,0.0,0.665,0.53,0.185,1.3955,0.456,0.3205,0.49
11,0.0,0.0,1.0,0.63,0.505,0.18,1.272,0.6025,0.295,0.315
8,0.0,0.0,1.0,0.495,0.38,0.135,0.5095,0.2065,0.1165,0.165
10,0.0,1.0,0.0,0.535,0.415,0.17,0.879,0.295,0.1965,0.285
11,0.0,1.0,0.0,0.73,0.56,0.19,1.9425,0.799,0.5195,0.5655
9,0.0,1.0,0.0,0.655,0.49,0.16,1.204,0.5455,0.2615,0.3225
9,0.0,1.0,0.0,0.575,0.475,0.16,0.895,0.3605,0.221,0.271
9,0.0,1.0,0.0,0.65,0.495,0.155,1.337,0.615,0.3195,0.335
14,1.0,0.0,0.0,0.45,0.335,0.14,0.4625,0.16399999999999998,0.076,0.15
7,0.0,0.0,1.0,0.405,0.305,0.1,0.268,0.1145,0.053,0.085
6,0.0,0.0,1.0,0.37,0.28,0.1,0.221,0.1165,0.0265,0.0635
15,1.0,0.0,0.0,0.66,0.535,0.2,1.791,0.733,0.318,0.54
11,1.0,0.0,0.0,0.595,0.455,0.145,0.9420000000000001,0.43,0.182,0.27699999999999997
9,1.0,0.0,0.0,0.575,0.455,0.135,0.907,0.4245,0.19699999999999998,0.26
7,1.0,0.0,0.0,0.295,0.215,0.075,0.129,0.05,0.0295,0.04
7,0.0,0.0,1.0,0.285,0.225,0.07,0.1005,0.0425,0.0185,0.035
9,0.0,1.0,0.0,0.605,0.485,0.16,1.2009999999999998,0.41700000000000004,0.2875,0.38
12,1.0,0.0,0.0,0.72,0.6,0.235,2.2385,0.9840000000000001,0.41100000000000003,0.621
10,1.0,0.0,0.0,0.565,0.45,0.155,1.0595,0.4735,0.24,0.265
12,1.0,0.0,0.0,0.59,0.445,0.14,0.9309999999999999,0.35600000000000004,0.23399999999999999,0.28
7,0.0,0.0,1.0,0.375,0.28,0.085,0.3155,0.187,0.046,0.067
8,0.0,0.0,1.0,0.315,0.245,0.085,0.1435,0.053,0.0475,0.05
15,1.0,0.0,0.0,0.645,0.495,0.185,1.4935,0.5265,0.2785,0.455
8,0.0,1.0,0.0,0.655,0.53,0.165,1.2835,0.583,0.1255,0.4
3,0.0,0.0,1.0,0.195,0.15,0.045,0.0375,0.018000000000000002,0.006,0.011000000000000001
15,1.0,0.0,0.0,0.56,0.45,0.175,1.011,0.3835,0.2065,0.37
8,0.0,1.0,0.0,0.36,0.265,0.09,0.2065,0.078,0.057,0.06
12,0.0,1.0,0.0,0.67,0.525,0.19,1.527,0.5755,0.353,0.44
13,1.0,0.0,0.0,0.72,0.58,0.19,2.0885,0.9955,0.478,0.5305
11,1.0,0.0,0.0,0.68,0.515,0.16,1.2345,0.618,0.2625,0.325
7,1.0,0.0,0.0,0.28,0.21,0.08,0.1085,0.040999999999999995,0.0265,0.0345
12,1.0,0.0,0.0,0.385,0.285,0.105,0.2905,0.1215,0.0685,0.0875
8,0.0,0.0,1.0,0.52,0.41,0.11,0.5185,0.2165,0.0915,0.184
10,1.0,0.0,0.0,0.57,0.45,0.155,1.1935,0.513,0.21,0.34299999999999997
8,0.0,0.0,1.0,0.51,0.38,0.115,0.5155,0.215,0.1135,0.166
10,1.0,0.0,0.0,0.64,0.525,0.18,1.3135,0.4865,0.2995,0.4075
9,1.0,0.0,0.0,0.59,0.475,0.165,1.077,0.4545,0.244,0.3095
8,0.0,0.0,1.0,0.465,0.355,0.12,0.5805,0.255,0.0915,0.184
9,1.0,0.0,0.0,0.575,0.47,0.15,0.9785,0.4505,0.196,0.276
10,1.0,0.0,0.0,0.715,0.535,0.19,1.6755,0.889,0.313,0.42
10,0.0,1.0,0.0,0.575,0.46,0.165,0.9575,0.4815,0.1945,0.23600000000000002
7,0.0,1.0,0.0,0.37,0.295,0.1,0.2685,0.1165,0.055999999999999994,0.0835
9,0.0,1.0,0.0,0.655,0.51,0.15,1.043,0.4795,0.223,0.305
11,1.0,0.0,0.0,0.48,0.375,0.12,0.5895,0.2535,0.128,0.172
20,0.0,1.0,0.0,0.63,0.5,0.17,1.3135,0.5595,0.267,0.4
7,0.0,0.0,1.0,0.465,0.37,0.115,0.534,0.261,0.098,0.14300000000000002
11,1.0,0.0,0.0,0.695,0.55,0.195,1.6645,0.727,0.36,0.445
7,0.0,0.0,1.0,0.4,0.31,0.1,0.127,0.106,0.071,0.085
7,0.0,0.0,1.0,0.5,0.38,0.11,0.494,0.218,0.09,0.1325
10,0.0,0.0,1.0,0.355,0.27,0.1,0.21600000000000003,0.083,0.037000000000000005,0.075
9,0.0,1.0,0.0,0.65,0.49,0.155,1.122,0.545,0.228,0.3055
9,0.0,0.0,1.0,0.42,0.325,0.125,0.3915,0.1575,0.1025,0.115
3,1.0,0.0,0.0,0.21,0.15,0.05,0.0385,0.0155,0.0085,0.01
13,1.0,0.0,0.0,0.71,0.56,0.175,1.724,0.5660000000000001,0.4575,0.4625
11,0.0,1.0,0.0,0.64,0.5,0.17,1.5175,0.693,0.326,0.409
16,1.0,0.0,0.0,0.725,0.565,0.215,1.891,0.6975,0.4725,0.58
12,1.0,0.0,0.0,0.51,0.4,0.13,0.6435,0.27,0.1665,0.205
13,0.0,0.0,1.0,0.445,0.33,0.1,0.43700000000000006,0.163,0.0755,0.17
19,0.0,1.0,0.0,0.6,0.475,0.18,1.1805,0.4345,0.2475,0.425
5,0.0,0.0,1.0,0.44,0.34,0.105,0.369,0.16399999999999998,0.08,0.1015
12,1.0,0.0,0.0,0.595,0.47,0.175,0.991,0.382,0.2395,0.5
10,0.0,1.0,0.0,0.62,0.48,0.165,1.0125,0.5325,0.4365,0.324
10,0.0,0.0,1.0,0.5,0.385,0.15,0.6265,0.2605,0.1665,0.16
10,1.0,0.0,0.0,0.655,0.545,0.19,1.4245,0.6325,0.33299999999999996,0.37799999999999995
7,0.0,0.0,1.0,0.445,0.345,0.105,0.409,0.1675,0.1015,0.11699999999999999
8,1.0,0.0,0.0,0.485,0.39,0.135,0.617,0.25,0.1345,0.1635
5,0.0,0.0,1.0,0.28,0.21,0.085,0.1075,0.0415,0.024,0.034
13,0.0,1.0,0.0,0.625,0.525,0.195,1.3519999999999999,0.4505,0.2445,0.53
10,1.0,0.0,0.0,0.63,0.49,0.165,1.2005,0.575,0.273,0.294
8,0.0,0.0,1.0,0.445,0.32,0.12,0.37799999999999995,0.152,0.0825,0.12
16,1.0,0.0,0.0,0.59,0.45,0.185,1.2830000000000001,0.473,0.276,0.425
9,1.0,0.0,0.0,0.59,0.47,0.155,1.1735,0.6245,0.233,0.2595
13,0.0,0.0,1.0,0.46,0.355,0.14,0.4935,0.21600000000000003,0.133,0.115
7,0.0,0.0,1.0,0.46,0.36,0.105,0.466,0.2225,0.099,0.11
11,1.0,0.0,0.0,0.71,0.57,0.195,1.348,0.8985,0.4435,0.4535
11,0.0,1.0,0.0,0.505,0.385,0.115,0.616,0.243,0.1075,0.21
10,1.0,0.0,0.0,0.695,0.56,0.185,1.74,0.885,0.3715,0.4375
7,0.0,0.0,1.0,0.34,0.25,0.07,0.2225,0.10400000000000001,0.0425,0.055
11,1.0,0.0,0.0,0.59,0.49,0.135,1.008,0.42200000000000004,0.2245,0.285
10,0.0,1.0,0.0,0.655,0.505,0.165,1.367,0.5835,0.3515,0.396
9,0.0,1.0,0.0,0.575,0.465,0.175,1.099,0.4735,0.20199999999999999,0.35
9,0.0,1.0,0.0,0.595,0.455,0.14,0.914,0.3895,0.2225,0.271
10,1.0,0.0,0.0,0.36,0.295,0.13,0.2765,0.0895,0.057,0.1005
10,1.0,0.0,0.0,0.53,0.43,0.135,0.879,0.28,0.2165,0.25
8,1.0,0.0,0.0,0.65,0.485,0.14,1.175,0.475,0.2435,0.215
4,0.0,0.0,1.0,0.21,0.15,0.055,0.0455,0.02,0.0065,0.013000000000000001
12,1.0,0.0,0.0,0.69,0.53,0.21,1.5830000000000002,0.7355,0.405,0.3865
7,0.0,1.0,0.0,0.52,0.46,0.15,1.0190000000000001,0.523,0.1985,0.254
9,0.0,1.0,0.0,0.615,0.475,0.17,1.055,0.5429999999999999,0.24600000000000002,0.2345
11,1.0,0.0,0.0,0.675,0.505,0.16,1.5319999999999998,0.74,0.35700000000000004,0.3815
10,0.0,1.0,0.0,0.57,0.435,0.15,0.8295,0.3875,0.156,0.245
10,0.0,1.0,0.0,0.555,0.44,0.14,0.846,0.34600000000000003,0.1715,0.2735
10,0.0,0.0,1.0,0.545,0.425,0.14,0.8145,0.305,0.231,0.244
12,1.0,0.0,0.0,0.605,0.445,0.14,0.982,0.4295,0.2085,0.295
11,1.0,0.0,0.0,0.64,0.505,0.18,1.297,0.59,0.3125,0.363
9,1.0,0.0,0.0,0.515,0.395,0.12,0.6459999999999999,0.285,0.1365,0.172
15,0.0,1.0,0.0,0.61,0.48,0.175,1.0675,0.391,0.21600000000000003,0.42
8,1.0,0.0,0.0,0.57,0.445,0.15,0.9875,0.504,0.207,0.249
15,0.0,0.0,1.0,0.655,0.515,0.145,1.25,0.5265,0.28300000000000003,0.315
6,0.0,0.0,1.0,0.34,0.26,0.09,0.179,0.076,0.0525,0.055
17,1.0,0.0,0.0,0.565,0.425,0.16,0.9425,0.3495,0.2185,0.275
14,0.0,1.0,0.0,0.535,0.42,0.15,0.7365,0.2785,0.18600000000000003,0.215
13,0.0,1.0,0.0,0.535,0.4,0.15,0.8045,0.3345,0.2125,0.21
6,0.0,0.0,1.0,0.275,0.205,0.08,0.096,0.036000000000000004,0.0185,0.03
8,0.0,0.0,1.0,0.545,0.435,0.135,0.7715,0.37200000000000005,0.14800000000000002,0.22699999999999998
9,0.0,1.0,0.0,0.37,0.285,0.105,0.27,0.1125,0.0585,0.0835
12,1.0,0.0,0.0,0.505,0.405,0.14,0.875,0.2665,0.174,0.285
10,0.0,0.0,1.0,0.565,0.46,0.155,0.8715,0.3755,0.215,0.25
12,0.0,1.0,0.0,0.675,0.565,0.195,1.8375,0.7645,0.3615,0.5529999999999999
10,0.0,0.0,1.0,0.61,0.475,0.15,0.9665,0.4145,0.2,0.345
20,0.0,0.0,1.0,0.58,0.445,0.17,1.178,0.3935,0.2165,0.315
11,0.0,1.0,0.0,0.43,0.325,0.115,0.3865,0.1475,0.1065,0.11
9,0.0,1.0,0.0,0.715,0.565,0.18,1.79,0.8440000000000001,0.3535,0.5385
13,1.0,0.0,0.0,0.49,0.38,0.14,0.6385,0.2305,0.142,0.195
8,0.0,0.0,1.0,0.545,0.405,0.135,0.5945,0.27,0.1185,0.185
9,1.0,0.0,0.0,0.6,0.47,0.13,1.0105,0.423,0.21899999999999997,0.298
10,0.0,1.0,0.0,0.67,0.505,0.175,1.0145,0.4375,0.271,0.3745
10,1.0,0.0,0.0,0.55,0.44,0.135,0.879,0.368,0.2095,0.265
20,0.0,1.0,0.0,0.585,0.47,0.17,1.099,0.3975,0.2325,0.358
9,0.0,0.0,1.0,0.59,0.46,0.125,0.755,0.33399999999999996,0.15,0.23800000000000002
10,0.0,1.0,0.0,0.565,0.46,0.15,0.8765,0.3455,0.1925,0.275
29,0.0,1.0,0.0,0.7,0.585,0.185,1.8075,0.7055,0.3215,0.475
14,0.0,1.0,0.0,0.58,0.45,0.235,1.071,0.3,0.20600000000000002,0.395
20,1.0,0.0,0.0,0.55,0.425,0.16,0.97,0.2885,0.139,0.48
10,0.0,1.0,0.0,0.57,0.465,0.16,0.8935,0.3145,0.2575,0.263
9,0.0,1.0,0.0,0.65,0.5,0.16,1.3825,0.7020000000000001,0.304,0.3195
10,0.0,0.0,1.0,0.53,0.43,0.135,0.6255,0.245,0.1455,0.2135
8,0.0,1.0,0.0,0.595,0.465,0.15,1.1005,0.5415,0.166,0.265
10,1.0,0.0,0.0,0.62,0.525,0.155,1.085,0.45399999999999996,0.1965,0.35
7,0.0,0.0,1.0,0.43,0.34,0.11,0.3645,0.159,0.0855,0.105
13,0.0,1.0,0.0,0.605,0.485,0.16,1.222,0.53,0.2575,0.28
13,1.0,0.0,0.0,0.54,0.415,0.13,0.8245,0.272,0.226,0.24
9,0.0,1.0,0.0,0.675,0.525,0.17,1.7109999999999999,0.8365,0.35200000000000004,0.475
8,1.0,0.0,0.0,0.475,0.36,0.14,0.5135,0.24100000000000002,0.1045,0.155
10,0.0,1.0,0.0,0.63,0.475,0.155,1.0005,0.452,0.252,0.265
10,0.0,1.0,0.0,0.555,0.44,0.155,1.016,0.4935,0.1855,0.263
10,1.0,0.0,0.0,0.66,0.525,0.18,1.4780000000000002,0.5815,0.381,0.37200000000000005
9,1.0,0.0,0.0,0.61,0.485,0.145,1.3305,0.7829999999999999,0.2255,0.2865
8,0.0,0.0,1.0,0.315,0.23,0.07,0.14400000000000002,0.053,0.0305,0.04
5,0.0,0.0,1.0,0.28,0.21,0.055,0.106,0.0415,0.0265,0.031
8,1.0,0.0,0.0,0.445,0.35,0.115,0.3615,0.1565,0.0695,0.11699999999999999
10,1.0,0.0,0.0,0.66,0.525,0.2,1.489,0.6065,0.3795,0.42100000000000004
6,0.0,0.0,1.0,0.31,0.23,0.07,0.1245,0.0505,0.0265,0.038
9,0.0,1.0,0.0,0.56,0.425,0.125,0.932,0.361,0.213,0.335
10,1.0,0.0,0.0,0.555,0.405,0.19,1.406,0.6115,0.342,0.389
7,0.0,0.0,1.0,0.355,0.28,0.085,0.2905,0.095,0.0395,0.115
10,1.0,0.0,0.0,0.625,0.52,0.175,1.4105,0.691,0.322,0.3465
9,0.0,0.0,1.0,0.55,0.42,0.155,0.912,0.495,0.1805,0.205
11,1.0,0.0,0.0,0.635,0.495,0.195,1.172,0.445,0.3115,0.3475
9,1.0,0.0,0.0,0.62,0.47,0.15,1.3090000000000002,0.5870000000000001,0.4405,0.325
11,0.0,1.0,0.0,0.695,0.565,0.19,1.7635,0.7465,0.39899999999999997,0.4975
12,0.0,1.0,0.0,0.62,0.515,0.155,1.3255,0.6685,0.2605,0.335
9,0.0,0.0,1.0,0.54,0.415,0.135,0.7090000000000001,0.3195,0.174,0.185
10,0.0,1.0,0.0,0.635,0.5,0.18,1.2565,0.539,0.292,0.35
21,1.0,0.0,0.0,0.64,0.51,0.175,1.368,0.515,0.266,0.57
8,0.0,0.0,1.0,0.385,0.29,0.09,0.2365,0.1,0.0505,0.076
11,0.0,1.0,0.0,0.595,0.43,0.21,1.5245,0.653,0.396,0.41
11,1.0,0.0,0.0,0.665,0.525,0.175,1.443,0.6635,0.3845,0.353
12,0.0,1.0,0.0,0.45,0.36,0.11,0.447,0.203,0.08199999999999999,0.13
7,0.0,0.0,1.0,0.46,0.345,0.12,0.4155,0.198,0.0885,0.107
11,1.0,0.0,0.0,0.75,0.555,0.215,2.201,1.0615,0.5235,0.5285
16,1.0,0.0,0.0,0.58,0.46,0.165,1.2275,0.473,0.1965,0.435
10,1.0,0.0,0.0,0.57,0.47,0.155,1.186,0.6355,0.2315,0.27699999999999997
7,0.0,0.0,1.0,0.37,0.275,0.1,0.2295,0.0885,0.0465,0.07
8,0.0,1.0,0.0,0.595,0.435,0.15,0.9,0.4175,0.17,0.265
10,0.0,1.0,0.0,0.595,0.475,0.165,1.148,0.444,0.214,0.37
9,0.0,0.0,1.0,0.54,0.42,0.14,0.7265,0.3205,0.1445,0.22899999999999998
18,1.0,0.0,0.0,0.615,0.48,0.19,1.36,0.5305,0.2375,0.47
8,0.0,0.0,1.0,0.5,0.39,0.12,0.5955,0.2455,0.147,0.17300000000000001
9,0.0,1.0,0.0,0.605,0.475,0.175,1.0759999999999998,0.46299999999999997,0.2195,0.335
11,1.0,0.0,0.0,0.465,0.36,0.125,0.4365,0.16899999999999998,0.1075,0.145
8,1.0,0.0,0.0,0.63,0.48,0.15,1.1785,0.5185,0.248,0.3235
19,1.0,0.0,0.0,0.63,0.515,0.16,1.016,0.4215,0.244,0.355
8,0.0,0.0,1.0,0.51,0.405,0.13,0.599,0.3065,0.1155,0.1485
12,1.0,0.0,0.0,0.495,0.385,0.135,0.7090000000000001,0.21100000000000002,0.1375,0.262
11,1.0,0.0,0.0,0.5,0.42,0.125,0.62,0.255,0.15,0.205
20,0.0,1.0,0.0,0.59,0.455,0.155,1.0659999999999998,0.382,0.2275,0.415
6,0.0,0.0,1.0,0.325,0.245,0.07,0.161,0.0755,0.0255,0.045
10,1.0,0.0,0.0,0.59,0.475,0.14,0.977,0.4625,0.2025,0.275
11,1.0,0.0,0.0,0.63,0.485,0.18,1.2435,0.5175,0.308,0.37
14,1.0,0.0,0.0,0.63,0.505,0.165,1.26,0.4525,0.2755,0.406
15,0.0,1.0,0.0,0.565,0.45,0.195,1.0035,0.406,0.2505,0.285
10,1.0,0.0,0.0,0.585,0.475,0.15,1.065,0.5315,0.19899999999999998,0.2885
8,0.0,0.0,1.0,0.41,0.315,0.1,0.3,0.124,0.0575,0.1
7,0.0,0.0,1.0,0.295,0.225,0.09,0.1105,0.0405,0.0245,0.032
11,1.0,0.0,0.0,0.645,0.51,0.165,1.403,0.5755,0.2515,0.4545
12,0.0,1.0,0.0,0.38,0.305,0.105,0.281,0.1045,0.0615,0.09
8,1.0,0.0,0.0,0.59,0.47,0.15,0.9955,0.48100000000000004,0.23199999999999998,0.24
17,1.0,0.0,0.0,0.515,0.405,0.14,0.8505,0.312,0.146,0.315
9,0.0,0.0,1.0,0.475,0.375,0.11,0.456,0.182,0.099,0.16
9,0.0,0.0,1.0,0.53,0.415,0.13,0.6940000000000001,0.3905,0.111,0.16699999999999998
11,0.0,1.0,0.0,0.61,0.495,0.16,1.089,0.469,0.198,0.384
7,0.0,0.0,1.0,0.485,0.37,0.115,0.637,0.38,0.1335,0.128
6,0.0,1.0,0.0,0.585,0.45,0.125,0.8740000000000001,0.3545,0.2075,0.225
13,0.0,1.0,0.0,0.665,0.57,0.185,1.5219999999999998,0.6965,0.3025,0.405
9,0.0,0.0,1.0,0.52,0.415,0.14,0.6375,0.308,0.1335,0.168
11,0.0,0.0,1.0,0.52,0.395,0.115,0.6445,0.3155,0.1245,0.18600000000000003
6,0.0,0.0,1.0,0.285,0.215,0.07,0.1075,0.051,0.0225,0.027000000000000003
14,0.0,1.0,0.0,0.55,0.465,0.15,1.082,0.3575,0.19399999999999998,0.19
12,0.0,1.0,0.0,0.57,0.44,0.125,0.865,0.3675,0.1725,0.27
11,1.0,0.0,0.0,0.56,0.455,0.155,0.797,0.34,0.19,0.2425
11,1.0,0.0,0.0,0.64,0.495,0.165,1.307,0.6779999999999999,0.292,0.266
6,0.0,0.0,1.0,0.37,0.29,0.095,0.249,0.1045,0.057999999999999996,0.067
10,1.0,0.0,0.0,0.57,0.45,0.145,0.95,0.4005,0.2235,0.2845
6,0.0,0.0,1.0,0.375,0.28,0.08,0.226,0.105,0.047,0.065
20,0.0,1.0,0.0,0.675,0.545,0.195,1.7345,0.6845,0.3695,0.605
5,0.0,0.0,1.0,0.16,0.12,0.035,0.021,0.0075,0.0045,0.005
7,0.0,0.0,1.0,0.465,0.365,0.115,0.467,0.2315,0.0925,0.113
10,0.0,1.0,0.0,0.57,0.47,0.14,0.871,0.385,0.21100000000000002,0.2315
5,0.0,0.0,1.0,0.215,0.165,0.055,0.059000000000000004,0.0265,0.0125,0.0185
11,0.0,1.0,0.0,0.585,0.485,0.15,1.079,0.4145,0.2115,0.35600000000000004
8,0.0,0.0,1.0,0.485,0.365,0.105,0.5205,0.195,0.12300000000000001,0.182
4,0.0,0.0,1.0,0.16,0.12,0.02,0.018000000000000002,0.0075,0.0045,0.005
9,0.0,0.0,1.0,0.56,0.455,0.145,0.9740000000000001,0.547,0.1615,0.235
6,0.0,0.0,1.0,0.425,0.315,0.1,0.377,0.1645,0.07200000000000001,0.105
9,0.0,0.0,1.0,0.555,0.43,0.15,0.7829999999999999,0.345,0.1755,0.247
11,0.0,1.0,0.0,0.58,0.455,0.12,0.94,0.39899999999999997,0.257,0.265
13,0.0,0.0,1.0,0.52,0.4,0.145,0.66,0.267,0.1055,0.22
5,0.0,0.0,1.0,0.295,0.23,0.08,0.1625,0.065,0.05,0.0385
12,0.0,1.0,0.0,0.705,0.57,0.18,1.5345,0.96,0.4195,0.43
6,0.0,0.0,1.0,0.28,0.215,0.07,0.124,0.063,0.0215,0.03
8,0.0,0.0,1.0,0.515,0.395,0.125,0.6635,0.32,0.14,0.17
13,0.0,1.0,0.0,0.65,0.51,0.155,1.189,0.483,0.278,0.3645
9,0.0,0.0,1.0,0.525,0.415,0.12,0.596,0.2805,0.12,0.1695
9,0.0,0.0,1.0,0.49,0.385,0.12,0.591,0.271,0.1125,0.1775
10,1.0,0.0,0.0,0.35,0.26,0.09,0.198,0.0725,0.055999999999999994,0.06
7,1.0,0.0,0.0,0.335,0.25,0.09,0.18100000000000002,0.0755,0.0415,0.06
10,1.0,0.0,0.0,0.58,0.43,0.125,0.9115,0.446,0.2075,0.121
10,0.0,0.0,1.0,0.585,0.46,0.145,0.8465,0.33899999999999997,0.16699999999999998,0.295
8,0.0,0.0,1.0,0.485,0.375,0.125,0.562,0.2505,0.1345,0.1525
6,0.0,0.0,1.0,0.33,0.265,0.085,0.196,0.0775,0.0305,0.0445
10,0.0,1.0,0.0,0.515,0.395,0.165,0.7565,0.1905,0.17,0.3205
8,0.0,0.0,1.0,0.575,0.43,0.13,0.7425,0.2895,0.2005,0.22
8,0.0,0.0,1.0,0.5,0.375,0.12,0.529,0.2235,0.12300000000000001,0.16
11,0.0,1.0,0.0,0.665,0.52,0.165,1.6885,0.7295,0.40700000000000003,0.4265
10,0.0,1.0,0.0,0.585,0.465,0.145,0.9855,0.4325,0.2145,0.2845
8,1.0,0.0,0.0,0.56,0.42,0.15,0.8755,0.44,0.1965,0.2315
8,0.0,0.0,1.0,0.48,0.355,0.115,0.4725,0.2065,0.11199999999999999,0.132
8,0.0,1.0,0.0,0.58,0.445,0.15,0.858,0.4,0.156,0.253
13,1.0,0.0,0.0,0.695,0.545,0.185,1.5715,0.6645,0.3835,0.4505
10,1.0,0.0,0.0,0.7,0.6,0.23,2.003,0.8105,0.4045,0.5755
7,0.0,0.0,1.0,0.435,0.335,0.095,0.298,0.109,0.057999999999999996,0.115
6,0.0,0.0,1.0,0.45,0.33,0.11,0.3685,0.16,0.0885,0.102
5,0.0,0.0,1.0,0.255,0.19,0.075,0.0865,0.0345,0.0205,0.025
15,1.0,0.0,0.0,0.505,0.385,0.145,0.6775,0.23600000000000002,0.179,0.2
9,0.0,0.0,1.0,0.565,0.435,0.145,0.8445,0.3975,0.158,0.255
13,0.0,0.0,1.0,0.48,0.37,0.12,0.514,0.2075,0.131,0.155
10,1.0,0.0,0.0,0.645,0.505,0.15,1.1605,0.519,0.2615,0.335
10,1.0,0.0,0.0,0.485,0.4,0.135,0.6629999999999999,0.313,0.13699999999999998,0.2
9,0.0,0.0,1.0,0.44,0.305,0.115,0.379,0.162,0.091,0.11
6,0.0,0.0,1.0,0.48,0.35,0.105,0.635,0.35200000000000004,0.127,0.135
15,1.0,0.0,0.0,0.53,0.435,0.16,0.883,0.316,0.16399999999999998,0.335
8,1.0,0.0,0.0,0.605,0.475,0.145,0.884,0.3835,0.1905,0.27
11,1.0,0.0,0.0,0.6,0.495,0.175,1.3005,0.6195,0.284,0.3285
11,0.0,1.0,0.0,0.59,0.475,0.155,0.9715,0.371,0.235,0.28
13,1.0,0.0,0.0,0.62,0.49,0.19,1.218,0.5455,0.2965,0.355
9,1.0,0.0,0.0,0.53,0.41,0.125,0.769,0.34600000000000003,0.17300000000000001,0.215
5,0.0,1.0,0.0,0.37,0.275,0.085,0.2405,0.10400000000000001,0.0535,0.07
10,1.0,0.0,0.0,0.66,0.53,0.175,1.5830000000000002,0.7395,0.3505,0.405
9,1.0,0.0,0.0,0.375,0.29,0.1,0.276,0.1175,0.0565,0.085
8,0.0,0.0,1.0,0.545,0.42,0.125,0.7170000000000001,0.358,0.11199999999999999,0.22
11,0.0,1.0,0.0,0.445,0.355,0.15,0.485,0.18100000000000002,0.125,0.155
13,1.0,0.0,0.0,0.495,0.415,0.165,0.7485,0.264,0.134,0.285
9,0.0,0.0,1.0,0.435,0.355,0.125,0.4075,0.1535,0.07400000000000001,0.165
9,0.0,1.0,0.0,0.575,0.46,0.16,1.103,0.5379999999999999,0.221,0.249
11,0.0,1.0,0.0,0.565,0.49,0.155,0.9245,0.405,0.2195,0.255
8,1.0,0.0,0.0,0.465,0.355,0.12,0.5315,0.2725,0.09699999999999999,0.1395
6,0.0,0.0,1.0,0.4,0.315,0.085,0.2675,0.11599999999999999,0.0585,0.0765
12,0.0,1.0,0.0,0.615,0.5,0.175,1.3769999999999998,0.5585,0.33,0.292
6,1.0,0.0,0.0,0.38,0.27,0.095,0.21899999999999997,0.0835,0.0515,0.07
12,1.0,0.0,0.0,0.45,0.36,0.16,0.5670000000000001,0.174,0.1245,0.225
10,1.0,0.0,0.0,0.445,0.355,0.11,0.4415,0.1805,0.1035,0.1505
10,1.0,0.0,0.0,0.515,0.435,0.145,0.8815,0.292,0.20600000000000002,0.255
10,0.0,1.0,0.0,0.695,0.56,0.185,1.7715,0.8195,0.331,0.43700000000000006
16,0.0,0.0,1.0,0.44,0.355,0.165,0.435,0.159,0.105,0.14
10,1.0,0.0,0.0,0.68,0.52,0.195,1.4535,0.5920000000000001,0.391,0.4125
4,0.0,0.0,1.0,0.3,0.235,0.08,0.131,0.05,0.0265,0.043
10,1.0,0.0,0.0,0.55,0.45,0.15,1.0145,0.40700000000000003,0.2015,0.2875
10,1.0,0.0,0.0,0.58,0.44,0.175,1.2255,0.5405,0.2705,0.3265
11,1.0,0.0,0.0,0.315,0.25,0.09,0.203,0.0615,0.037000000000000005,0.0795
12,0.0,1.0,0.0,0.605,0.47,0.16,1.0835,0.5405,0.2215,0.275
10,0.0,0.0,1.0,0.57,0.45,0.145,0.7509999999999999,0.2825,0.2195,0.2215
9,0.0,1.0,0.0,0.66,0.5,0.175,1.3275,0.556,0.2805,0.4085
19,1.0,0.0,0.0,0.525,0.395,0.165,0.782,0.285,0.1405,0.285
9,0.0,0.0,1.0,0.545,0.43,0.14,0.687,0.2615,0.1405,0.25
11,1.0,0.0,0.0,0.69,0.55,0.195,1.777,0.769,0.38,0.4305
11,0.0,1.0,0.0,0.595,0.45,0.15,1.114,0.5865,0.2205,0.25
7,1.0,0.0,0.0,0.425,0.33,0.08,0.361,0.134,0.0825,0.125
12,1.0,0.0,0.0,0.715,0.55,0.19,2.0045,1.0465,0.40700000000000003,0.5075
15,0.0,1.0,0.0,0.595,0.48,0.2,0.975,0.358,0.2035,0.34
11,1.0,0.0,0.0,0.575,0.425,0.14,0.8635,0.39299999999999996,0.22699999999999998,0.2
11,0.0,1.0,0.0,0.71,0.565,0.195,1.817,0.785,0.49200000000000005,0.49
6,0.0,0.0,1.0,0.325,0.225,0.075,0.139,0.0565,0.032,0.09
21,0.0,1.0,0.0,0.49,0.365,0.13,0.6835,0.165,0.1315,0.205
11,1.0,0.0,0.0,0.72,0.585,0.22,1.9140000000000001,0.9155,0.44799999999999995,0.479
4,0.0,0.0,1.0,0.155,0.105,0.05,0.0175,0.005,0.0035,0.005
10,1.0,0.0,0.0,0.615,0.5,0.17,1.054,0.4845,0.228,0.295
12,1.0,0.0,0.0,0.51,0.395,0.145,0.6185,0.21600000000000003,0.1385,0.24
6,0.0,0.0,1.0,0.455,0.375,0.12,0.49700000000000005,0.2355,0.1055,0.1295
8,0.0,0.0,1.0,0.52,0.4,0.14,0.622,0.278,0.1455,0.16899999999999998
4,0.0,0.0,1.0,0.275,0.195,0.07,0.0875,0.0345,0.022000000000000002,0.0255
20,0.0,1.0,0.0,0.595,0.475,0.17,1.247,0.48,0.225,0.425
13,1.0,0.0,0.0,0.555,0.43,0.165,0.7575,0.2735,0.1635,0.275
10,0.0,1.0,0.0,0.65,0.535,0.175,1.2895,0.6095,0.2765,0.344
6,0.0,0.0,1.0,0.3,0.23,0.085,0.11699999999999999,0.05,0.0175,0.0415
9,1.0,0.0,0.0,0.425,0.325,0.12,0.3755,0.142,0.1065,0.105
13,1.0,0.0,0.0,0.555,0.44,0.135,0.9025,0.3805,0.2105,0.28
7,0.0,1.0,0.0,0.61,0.485,0.18,1.2795,0.5735,0.2855,0.355
10,1.0,0.0,0.0,0.685,0.505,0.19,1.5330000000000001,0.667,0.4055,0.41
8,0.0,0.0,1.0,0.415,0.31,0.095,0.311,0.1125,0.0625,0.115
9,0.0,0.0,1.0,0.435,0.32,0.08,0.3325,0.1485,0.0635,0.105
6,1.0,0.0,0.0,0.31,0.22,0.085,0.146,0.061,0.0365,0.045
8,0.0,0.0,1.0,0.485,0.375,0.11,0.46399999999999997,0.2015,0.09,0.149
9,0.0,1.0,0.0,0.465,0.35,0.115,0.42100000000000004,0.1565,0.091,0.1345
8,1.0,0.0,0.0,0.59,0.47,0.15,0.861,0.413,0.16399999999999998,0.249
10,0.0,0.0,1.0,0.595,0.47,0.135,0.9365,0.434,0.184,0.287
7,0.0,0.0,1.0,0.355,0.255,0.08,0.187,0.078,0.0505,0.057999999999999996
11,1.0,0.0,0.0,0.67,0.5,0.2,1.2690000000000001,0.5760000000000001,0.2985,0.35100000000000003
7,1.0,0.0,0.0,0.33,0.255,0.095,0.1875,0.0735,0.045,0.06
10,0.0,0.0,1.0,0.36,0.275,0.11,0.2335,0.095,0.0525,0.085
11,1.0,0.0,0.0,0.385,0.31,0.1,0.2845,0.1065,0.075,0.1
12,0.0,1.0,0.0,0.585,0.475,0.185,0.8575,0.3465,0.1785,0.275
13,0.0,1.0,0.0,0.62,0.51,0.15,1.456,0.581,0.2875,0.32
7,0.0,0.0,1.0,0.41,0.3,0.1,0.282,0.1255,0.057,0.0875
11,1.0,0.0,0.0,0.535,0.42,0.125,0.764,0.312,0.1505,0.265
10,0.0,0.0,1.0,0.605,0.48,0.155,0.9995,0.425,0.1985,0.3
6,0.0,0.0,1.0,0.355,0.285,0.095,0.2275,0.0955,0.0475,0.0715
13,1.0,0.0,0.0,0.5,0.4,0.165,0.825,0.254,0.205,0.285
15,0.0,1.0,0.0,0.52,0.405,0.145,0.8290000000000001,0.3535,0.1685,0.205
9,1.0,0.0,0.0,0.635,0.51,0.17,1.3555,0.619,0.305,0.39
20,0.0,1.0,0.0,0.53,0.415,0.15,0.7775,0.237,0.1415,0.33
10,0.0,1.0,0.0,0.455,0.35,0.14,0.5185,0.221,0.1265,0.135
6,0.0,0.0,1.0,0.375,0.28,0.08,0.2235,0.115,0.043,0.055
5,0.0,0.0,1.0,0.235,0.16,0.04,0.048,0.0185,0.018000000000000002,0.015
5,0.0,0.0,1.0,0.2,0.145,0.025,0.0345,0.011000000000000001,0.0075,0.01
13,0.0,1.0,0.0,0.65,0.515,0.195,1.4005,0.5195,0.36,0.44
9,0.0,1.0,0.0,0.54,0.42,0.14,0.8035,0.38,0.1805,0.21
9,1.0,0.0,0.0,0.56,0.425,0.135,0.9415,0.509,0.2015,0.1975
9,0.0,0.0,1.0,0.475,0.355,0.125,0.4865,0.2155,0.1105,0.142
10,0.0,1.0,0.0,0.705,0.535,0.22,1.8659999999999999,0.929,0.3835,0.4395
8,0.0,0.0,1.0,0.54,0.39,0.125,0.6255,0.2525,0.158,0.19
10,0.0,0.0,1.0,0.475,0.365,0.115,0.499,0.23199999999999998,0.0885,0.156
6,0.0,0.0,1.0,0.29,0.21,0.06,0.1195,0.055999999999999994,0.0235,0.03
12,1.0,0.0,0.0,0.61,0.485,0.175,1.2445,0.544,0.297,0.345
11,0.0,1.0,0.0,0.625,0.49,0.155,1.2085,0.465,0.162,0.41100000000000003
9,0.0,1.0,0.0,0.59,0.465,0.15,1.151,0.613,0.239,0.2515
9,0.0,1.0,0.0,0.515,0.395,0.135,0.516,0.2015,0.132,0.162
9,0.0,1.0,0.0,0.67,0.54,0.2,1.46,0.6435,0.32799999999999996,0.4165
16,1.0,0.0,0.0,0.575,0.45,0.16,0.955,0.44,0.1685,0.27
6,0.0,0.0,1.0,0.32,0.225,0.085,0.1415,0.0675,0.0295,0.0405
5,0.0,0.0,1.0,0.23,0.17,0.05,0.057,0.026000000000000002,0.013000000000000001,0.016
11,1.0,0.0,0.0,0.41,0.31,0.125,0.3595,0.1415,0.0885,0.115
8,0.0,1.0,0.0,0.55,0.43,0.14,0.84,0.375,0.218,0.1945
6,1.0,0.0,0.0,0.26,0.19,0.075,0.0945,0.0445,0.02,0.03
10,0.0,1.0,0.0,0.49,0.38,0.125,0.5489999999999999,0.245,0.1075,0.174
10,0.0,1.0,0.0,0.615,0.455,0.145,1.1155,0.5045,0.23800000000000002,0.315
12,1.0,0.0,0.0,0.645,0.51,0.19,1.4865,0.6445,0.29600000000000004,0.425
12,0.0,1.0,0.0,0.565,0.45,0.165,0.9765,0.322,0.244,0.37
10,1.0,0.0,0.0,0.485,0.36,0.13,0.5415,0.2595,0.096,0.16
11,1.0,0.0,0.0,0.665,0.515,0.19,1.6385,0.831,0.3575,0.371
12,1.0,0.0,0.0,0.65,0.51,0.175,1.446,0.6485,0.2705,0.45
6,0.0,0.0,1.0,0.325,0.25,0.075,0.1585,0.075,0.0305,0.0455
9,0.0,1.0,0.0,0.38,0.3,0.09,0.3215,0.1545,0.075,0.095
9,0.0,0.0,1.0,0.485,0.355,0.105,0.498,0.2175,0.096,0.1525
9,1.0,0.0,0.0,0.6,0.475,0.155,1.1385,0.502,0.2295,0.31
18,1.0,0.0,0.0,0.525,0.425,0.12,0.8665,0.2825,0.17600000000000002,0.29
14,0.0,1.0,0.0,0.815,0.65,0.25,2.255,0.8905,0.42,0.7975
10,0.0,1.0,0.0,0.59,0.455,0.175,0.966,0.391,0.2455,0.31
10,0.0,1.0,0.0,0.625,0.49,0.155,1.33,0.6675,0.259,0.33
13,0.0,1.0,0.0,0.45,0.35,0.145,0.5425,0.1765,0.12300000000000001,0.175
4,0.0,0.0,1.0,0.2,0.145,0.05,0.036000000000000004,0.0125,0.008,0.011000000000000001
13,0.0,1.0,0.0,0.49,0.4,0.145,0.6635,0.21,0.1295,0.2515
9,0.0,1.0,0.0,0.58,0.46,0.175,1.165,0.65,0.2205,0.3055
20,0.0,1.0,0.0,0.65,0.525,0.175,1.4225,0.61,0.2995,0.445
9,0.0,0.0,1.0,0.53,0.42,0.14,0.6765,0.256,0.1855,0.20800000000000002
11,0.0,1.0,0.0,0.55,0.43,0.155,0.785,0.289,0.22699999999999998,0.233
9,1.0,0.0,0.0,0.615,0.47,0.15,1.0875,0.4975,0.28300000000000003,0.2685
9,1.0,0.0,0.0,0.515,0.4,0.14,0.6335,0.28800000000000003,0.145,0.168
10,0.0,1.0,0.0,0.65,0.52,0.195,1.281,0.5985,0.24600000000000002,0.3825
24,0.0,1.0,0.0,0.7,0.54,0.215,1.9780000000000002,0.6675,0.3125,0.71
23,0.0,1.0,0.0,0.62,0.47,0.2,1.2255,0.381,0.27,0.435
7,0.0,0.0,1.0,0.435,0.345,0.12,0.4475,0.221,0.11199999999999999,0.125
7,0.0,0.0,1.0,0.42,0.32,0.11,0.3625,0.174,0.0635,0.105
10,1.0,0.0,0.0,0.68,0.54,0.155,1.534,0.6709999999999999,0.379,0.384
10,0.0,1.0,0.0,0.635,0.505,0.145,1.1345,0.505,0.2655,0.315
6,0.0,0.0,1.0,0.39,0.3,0.1,0.3085,0.1385,0.0735,0.085
11,1.0,0.0,0.0,0.56,0.455,0.165,0.86,0.4015,0.1695,0.245
10,0.0,1.0,0.0,0.37,0.28,0.11,0.2305,0.0945,0.0465,0.075
15,1.0,0.0,0.0,0.695,0.515,0.175,1.5165,0.578,0.4105,0.39
7,1.0,0.0,0.0,0.62,0.46,0.17,1.127,0.535,0.2635,0.29600000000000004
8,0.0,0.0,1.0,0.47,0.345,0.12,0.3685,0.1525,0.0615,0.125
8,0.0,1.0,0.0,0.4,0.3,0.115,0.3025,0.1335,0.0465,0.0935
10,0.0,1.0,0.0,0.515,0.415,0.14,0.6935,0.3115,0.152,0.2
8,1.0,0.0,0.0,0.465,0.375,0.11,0.5,0.21,0.113,0.1505
5,0.0,0.0,1.0,0.385,0.3,0.09,0.247,0.1225,0.044000000000000004,0.0675
17,1.0,0.0,0.0,0.585,0.465,0.19,1.171,0.3905,0.2355,0.4
11,0.0,0.0,1.0,0.51,0.405,0.12,0.61,0.22899999999999998,0.131,0.235
15,1.0,0.0,0.0,0.65,0.545,0.16,1.2425,0.48700000000000004,0.29600000000000004,0.48
7,0.0,0.0,1.0,0.32,0.235,0.09,0.183,0.098,0.0335,0.042
9,0.0,0.0,1.0,0.42,0.345,0.115,0.3435,0.1515,0.0795,0.115
8,0.0,0.0,1.0,0.465,0.345,0.11,0.39299999999999996,0.1825,0.0735,0.12
5,0.0,0.0,1.0,0.285,0.22,0.065,0.096,0.0405,0.0205,0.03
10,1.0,0.0,0.0,0.64,0.51,0.17,1.3715,0.5670000000000001,0.307,0.409
6,0.0,0.0,1.0,0.36,0.27,0.085,0.2185,0.1065,0.038,0.062
9,0.0,1.0,0.0,0.6,0.47,0.17,1.0805,0.4995,0.2245,0.3205
10,0.0,1.0,0.0,0.73,0.57,0.165,2.0165,1.0685,0.418,0.435
8,0.0,1.0,0.0,0.535,0.425,0.135,0.7709999999999999,0.3765,0.1815,0.1795
10,0.0,1.0,0.0,0.665,0.5,0.15,1.2475,0.4625,0.2955,0.3595
14,0.0,1.0,0.0,0.63,0.475,0.175,1.423,0.4155,0.3385,0.49
11,0.0,0.0,1.0,0.53,0.41,0.15,0.612,0.2435,0.1525,0.1895
9,1.0,0.0,0.0,0.55,0.41,0.13,0.8705,0.4455,0.2115,0.213
8,1.0,0.0,0.0,0.625,0.48,0.185,1.2065,0.5870000000000001,0.29,0.28600000000000003
10,0.0,0.0,1.0,0.49,0.365,0.125,0.5585,0.252,0.126,0.1615
9,0.0,1.0,0.0,0.345,0.255,0.1,0.19699999999999998,0.071,0.051,0.06
6,0.0,0.0,1.0,0.375,0.29,0.1,0.21899999999999997,0.0925,0.038,0.075
11,1.0,0.0,0.0,0.72,0.565,0.2,1.787,0.718,0.385,0.529
12,0.0,0.0,1.0,0.485,0.355,0.13,0.581,0.245,0.132,0.168
8,0.0,0.0,1.0,0.45,0.35,0.13,0.547,0.245,0.1405,0.1405
12,0.0,1.0,0.0,0.505,0.38,0.145,0.6509999999999999,0.2935,0.19,0.17
10,1.0,0.0,0.0,0.63,0.5,0.175,1.2645,0.5635,0.3065,0.3425
6,0.0,0.0,1.0,0.46,0.37,0.12,0.5335,0.2645,0.10800000000000001,0.1345
12,0.0,1.0,0.0,0.61,0.485,0.15,1.2405,0.6025,0.2915,0.3085
11,0.0,1.0,0.0,0.635,0.485,0.155,1.073,0.467,0.1975,0.35
12,0.0,1.0,0.0,0.58,0.44,0.18,0.8540000000000001,0.3665,0.1635,0.245
8,0.0,0.0,1.0,0.425,0.325,0.11,0.405,0.1695,0.092,0.1065
14,0.0,1.0,0.0,0.595,0.47,0.25,1.2830000000000001,0.462,0.2475,0.445
8,0.0,0.0,1.0,0.47,0.355,0.18,0.48,0.2055,0.105,0.1505
8,1.0,0.0,0.0,0.62,0.47,0.135,1.0195,0.5315,0.2005,0.2475
12,0.0,1.0,0.0,0.515,0.435,0.17,0.631,0.2765,0.111,0.21600000000000003
9,1.0,0.0,0.0,0.615,0.475,0.175,1.224,0.6035,0.261,0.311
8,0.0,1.0,0.0,0.62,0.465,0.14,1.011,0.479,0.2385,0.255
10,0.0,1.0,0.0,0.47,0.36,0.13,0.47200000000000003,0.182,0.114,0.15
15,0.0,1.0,0.0,0.52,0.4,0.13,0.6245,0.215,0.2065,0.17
9,0.0,1.0,0.0,0.495,0.41,0.125,0.7555,0.3355,0.129,0.214
10,1.0,0.0,0.0,0.65,0.485,0.16,1.7395,0.5715,0.2785,0.3075
10,1.0,0.0,0.0,0.57,0.44,0.145,0.8815,0.3605,0.1955,0.2735
9,0.0,1.0,0.0,0.47,0.365,0.12,0.5429999999999999,0.2295,0.1495,0.15
9,0.0,0.0,1.0,0.55,0.4,0.135,0.7170000000000001,0.3315,0.1495,0.221
10,1.0,0.0,0.0,0.605,0.475,0.19,1.1255,0.59,0.247,0.26
10,1.0,0.0,0.0,0.47,0.37,0.105,0.4665,0.2025,0.1015,0.155
12,1.0,0.0,0.0,0.63,0.49,0.18,1.13,0.45799999999999996,0.2765,0.315
10,0.0,1.0,0.0,0.605,0.485,0.16,1.0565,0.37,0.2355,0.355
10,1.0,0.0,0.0,0.705,0.56,0.165,1.675,0.797,0.4095,0.38799999999999996
8,1.0,0.0,0.0,0.415,0.31,0.09,0.3245,0.1305,0.0735,0.115
12,0.0,1.0,0.0,0.64,0.52,0.175,1.248,0.4245,0.2595,0.48
8,1.0,0.0,0.0,0.575,0.44,0.145,0.87,0.3945,0.2195,0.225
7,1.0,0.0,0.0,0.35,0.265,0.09,0.19699999999999998,0.073,0.0365,0.077
7,1.0,0.0,0.0,0.59,0.465,0.14,1.046,0.4695,0.263,0.263
8,0.0,0.0,1.0,0.615,0.475,0.13,0.8425,0.353,0.1915,0.251
14,1.0,0.0,0.0,0.43,0.33,0.095,0.34,0.1315,0.085,0.11199999999999999
8,0.0,1.0,0.0,0.575,0.465,0.195,0.9965,0.41700000000000004,0.247,0.47
11,1.0,0.0,0.0,0.645,0.51,0.16,1.1835,0.556,0.2385,0.345
12,0.0,1.0,0.0,0.425,0.325,0.135,0.382,0.1465,0.079,0.14
9,0.0,0.0,1.0,0.505,0.425,0.125,0.6115,0.245,0.1375,0.2
9,0.0,0.0,1.0,0.565,0.465,0.15,1.1815,0.581,0.2215,0.3095
8,1.0,0.0,0.0,0.515,0.39,0.14,0.6779999999999999,0.341,0.1325,0.11900000000000001
9,1.0,0.0,0.0,0.625,0.47,0.15,1.124,0.556,0.2315,0.287
14,1.0,0.0,0.0,0.53,0.44,0.205,0.835,0.32,0.2175,0.245
6,1.0,0.0,0.0,0.385,0.3,0.115,0.3435,0.1645,0.085,0.1025
8,1.0,0.0,0.0,0.59,0.465,0.135,0.9895,0.4235,0.19899999999999998,0.28
8,1.0,0.0,0.0,0.47,0.375,0.13,0.523,0.214,0.132,0.145
10,1.0,0.0,0.0,0.67,0.51,0.2,1.5945,0.6705,0.3845,0.4505
6,1.0,0.0,0.0,0.32,0.24,0.08,0.18,0.08,0.0385,0.055
16,0.0,1.0,0.0,0.72,0.595,0.225,1.969,0.8045,0.423,0.66
6,0.0,0.0,1.0,0.335,0.25,0.08,0.16699999999999998,0.0675,0.0325,0.0575
6,0.0,0.0,1.0,0.4,0.3,0.11,0.2985,0.1375,0.071,0.075
6,0.0,0.0,1.0,0.255,0.185,0.06,0.0925,0.039,0.021,0.025
19,0.0,1.0,0.0,0.68,0.58,0.2,1.787,0.585,0.45299999999999996,0.6
7,1.0,0.0,0.0,0.31,0.225,0.08,0.1345,0.054000000000000006,0.024,0.05
12,0.0,1.0,0.0,0.565,0.45,0.16,0.795,0.3605,0.1555,0.23
9,1.0,0.0,0.0,0.6,0.475,0.175,1.11,0.5105,0.256,0.285
10,0.0,0.0,1.0,0.585,0.47,0.17,0.985,0.3695,0.2395,0.315
6,0.0,0.0,1.0,0.3,0.23,0.075,0.127,0.052000000000000005,0.03,0.0345
9,0.0,1.0,0.0,0.505,0.39,0.16,0.644,0.2475,0.2025,0.1635
6,0.0,0.0,1.0,0.37,0.28,0.085,0.217,0.1095,0.035,0.062
8,0.0,0.0,1.0,0.545,0.375,0.12,0.5429999999999999,0.2375,0.1155,0.1725
7,0.0,0.0,1.0,0.36,0.265,0.085,0.1865,0.0675,0.037000000000000005,0.0615
10,1.0,0.0,0.0,0.62,0.485,0.155,1.0490000000000002,0.462,0.231,0.25
7,0.0,0.0,1.0,0.535,0.4,0.13,0.657,0.2835,0.162,0.175
16,1.0,0.0,0.0,0.64,0.5,0.185,1.3035,0.4445,0.2635,0.465
10,0.0,1.0,0.0,0.545,0.41,0.125,0.654,0.2945,0.1315,0.205
9,0.0,1.0,0.0,0.625,0.485,0.16,1.254,0.591,0.259,0.3485
12,1.0,0.0,0.0,0.65,0.51,0.175,1.3165,0.6345,0.2605,0.364
9,1.0,0.0,0.0,0.525,0.425,0.19,0.872,0.4625,0.1725,0.19899999999999998
6,0.0,0.0,1.0,0.425,0.33,0.115,0.3265,0.1315,0.077,0.10300000000000001
11,0.0,1.0,0.0,0.645,0.52,0.17,1.197,0.526,0.2925,0.317
7,0.0,0.0,1.0,0.425,0.315,0.095,0.3675,0.1865,0.0675,0.0985
9,1.0,0.0,0.0,0.59,0.435,0.165,0.9765,0.4525,0.2395,0.235
16,1.0,0.0,0.0,0.635,0.48,0.235,1.064,0.413,0.228,0.36
12,1.0,0.0,0.0,0.57,0.46,0.14,0.9535,0.4465,0.2065,0.245
11,0.0,1.0,0.0,0.595,0.47,0.155,1.121,0.4515,0.17800000000000002,0.155
16,0.0,1.0,0.0,0.465,0.375,0.135,0.6,0.2225,0.129,0.23
9,1.0,0.0,0.0,0.355,0.29,0.09,0.3275,0.134,0.086,0.09
10,0.0,0.0,1.0,0.56,0.445,0.15,0.8225,0.3685,0.187,0.23600000000000002
14,1.0,0.0,0.0,0.495,0.39,0.15,0.853,0.3285,0.18899999999999997,0.27
12,1.0,0.0,0.0,0.63,0.505,0.175,1.2209999999999999,0.555,0.252,0.34
13,1.0,0.0,0.0,0.475,0.395,0.135,0.5920000000000001,0.2465,0.1645,0.2
11,1.0,0.0,0.0,0.585,0.45,0.15,0.997,0.4055,0.28300000000000003,0.251
5,0.0,0.0,1.0,0.27,0.2,0.07,0.1,0.034,0.0245,0.035
8,0.0,0.0,1.0,0.475,0.42,0.16,0.7095,0.35,0.1505,0.1845
6,0.0,0.0,1.0,0.275,0.22,0.08,0.1365,0.0565,0.0285,0.042
18,1.0,0.0,0.0,0.64,0.505,0.165,1.4435,0.6145,0.3035,0.39
11,1.0,0.0,0.0,0.72,0.545,0.195,1.7475,0.8215,0.38299999999999995,0.4705
19,1.0,0.0,0.0,0.59,0.475,0.16,0.9455,0.3815,0.184,0.27
6,0.0,0.0,1.0,0.315,0.23,0.07,0.16399999999999998,0.0625,0.04,0.045
20,1.0,0.0,0.0,0.565,0.435,0.185,1.032,0.354,0.2045,0.31
7,0.0,0.0,1.0,0.33,0.23,0.08,0.14,0.0565,0.0365,0.046
5,0.0,0.0,1.0,0.26,0.215,0.08,0.099,0.037000000000000005,0.0255,0.045
9,0.0,1.0,0.0,0.61,0.5,0.18,1.4380000000000002,0.5185,0.3735,0.3345
9,0.0,1.0,0.0,0.575,0.43,0.155,0.7955,0.3485,0.1925,0.22
10,1.0,0.0,0.0,0.6,0.465,0.155,1.0165,0.512,0.2465,0.225
13,0.0,1.0,0.0,0.595,0.495,0.185,1.285,0.41600000000000004,0.22399999999999998,0.485
17,0.0,0.0,1.0,0.59,0.465,0.195,1.0885,0.3685,0.187,0.375
11,1.0,0.0,0.0,0.64,0.575,0.175,1.4585,0.625,0.266,0.4395
9,1.0,0.0,0.0,0.63,0.49,0.155,1.2525,0.63,0.24600000000000002,0.289
10,0.0,1.0,0.0,0.665,0.515,0.18,1.389,0.5945,0.324,0.395
12,1.0,0.0,0.0,0.765,0.6,0.22,2.302,1.0070000000000001,0.509,0.6205
8,1.0,0.0,0.0,0.355,0.265,0.085,0.201,0.069,0.053,0.0695
11,0.0,1.0,0.0,0.725,0.57,0.205,1.6195,0.7440000000000001,0.315,0.488
11,0.0,1.0,0.0,0.47,0.375,0.105,0.513,0.23199999999999998,0.142,0.13
10,1.0,0.0,0.0,0.585,0.48,0.185,1.04,0.434,0.265,0.285
17,1.0,0.0,0.0,0.575,0.435,0.15,0.805,0.293,0.1625,0.27
12,0.0,1.0,0.0,0.52,0.41,0.155,0.727,0.29100000000000004,0.1835,0.235
20,1.0,0.0,0.0,0.53,0.415,0.13,0.8425,0.275,0.1945,0.265
7,1.0,0.0,0.0,0.52,0.39,0.12,0.6435,0.2885,0.157,0.161
9,1.0,0.0,0.0,0.36,0.295,0.1,0.2105,0.066,0.0525,0.075
9,0.0,0.0,1.0,0.5,0.395,0.12,0.537,0.2165,0.1085,0.1785
11,1.0,0.0,0.0,0.695,0.53,0.19,1.726,0.7625,0.436,0.455
11,0.0,1.0,0.0,0.525,0.4,0.115,0.6295,0.2555,0.14400000000000002,0.18
14,0.0,1.0,0.0,0.615,0.47,0.175,1.2985,0.5135,0.34299999999999997,0.32
11,1.0,0.0,0.0,0.355,0.28,0.095,0.2455,0.0955,0.062,0.075
14,1.0,0.0,0.0,0.62,0.485,0.205,1.219,0.3875,0.2505,0.385
9,0.0,1.0,0.0,0.64,0.49,0.18,1.36,0.653,0.34700000000000003,0.305
7,0.0,0.0,1.0,0.445,0.34,0.145,0.434,0.1945,0.0905,0.13
8,1.0,0.0,0.0,0.45,0.355,0.115,0.479,0.2125,0.1045,0.15
7,0.0,0.0,1.0,0.405,0.25,0.09,0.2875,0.128,0.063,0.0805
9,1.0,0.0,0.0,0.59,0.47,0.18,1.187,0.5985,0.22699999999999998,0.31
8,1.0,0.0,0.0,0.405,0.305,0.085,0.2605,0.1145,0.0595,0.085
7,0.0,1.0,0.0,0.55,0.425,0.14,0.9520000000000001,0.4895,0.1945,0.2185
8,0.0,1.0,0.0,0.55,0.425,0.125,0.9640000000000001,0.5475,0.159,0.215
6,0.0,0.0,1.0,0.34,0.26,0.085,0.1885,0.0815,0.0335,0.06
9,1.0,0.0,0.0,0.575,0.465,0.15,1.08,0.595,0.2065,0.23800000000000002
11,0.0,0.0,1.0,0.52,0.41,0.14,0.5995,0.242,0.1375,0.182
9,1.0,0.0,0.0,0.47,0.37,0.18,0.51,0.1915,0.1285,0.1625
11,0.0,1.0,0.0,0.545,0.43,0.165,0.802,0.2935,0.183,0.28
14,0.0,1.0,0.0,0.515,0.425,0.14,0.7659999999999999,0.304,0.1725,0.255
11,1.0,0.0,0.0,0.615,0.47,0.145,1.0285,0.4435,0.2825,0.285
8,0.0,0.0,1.0,0.49,0.375,0.115,0.4615,0.204,0.0945,0.14300000000000002
11,0.0,1.0,0.0,0.645,0.505,0.165,1.318,0.55,0.3015,0.335
10,0.0,1.0,0.0,0.71,0.54,0.205,1.5805,0.802,0.287,0.435
10,0.0,1.0,0.0,0.655,0.51,0.175,1.6525,0.8515,0.3365,0.40299999999999997
11,1.0,0.0,0.0,0.655,0.52,0.18,1.492,0.7185,0.36,0.355
12,1.0,0.0,0.0,0.575,0.45,0.165,0.9215,0.3275,0.225,0.256
10,0.0,1.0,0.0,0.53,0.41,0.13,0.6965,0.302,0.1935,0.2
10,0.0,1.0,0.0,0.38,0.29,0.105,0.257,0.099,0.051,0.085
9,0.0,0.0,1.0,0.53,0.425,0.13,0.7675,0.419,0.1205,0.21
10,0.0,0.0,1.0,0.605,0.49,0.165,1.071,0.48200000000000004,0.1935,0.35200000000000004
8,0.0,0.0,1.0,0.355,0.275,0.085,0.22,0.092,0.06,0.15
6,0.0,0.0,1.0,0.32,0.24,0.085,0.131,0.0615,0.0265,0.038
9,1.0,0.0,0.0,0.57,0.45,0.135,1.02,0.546,0.204,0.25
7,0.0,0.0,1.0,0.405,0.29,0.09,0.2825,0.11199999999999999,0.075,0.0815
14,0.0,1.0,0.0,0.46,0.365,0.115,0.4485,0.165,0.083,0.17
14,0.0,1.0,0.0,0.595,0.485,0.145,1.2515,0.5035,0.2925,0.33
12,0.0,1.0,0.0,0.65,0.565,0.2,1.6645,0.753,0.36700000000000005,0.43
11,0.0,0.0,1.0,0.605,0.485,0.15,1.238,0.6315,0.226,0.33
15,1.0,0.0,0.0,0.585,0.455,0.225,1.055,0.3815,0.221,0.365
5,0.0,0.0,1.0,0.32,0.24,0.09,0.1575,0.07,0.0265,0.0425
8,1.0,0.0,0.0,0.625,0.5,0.13,1.082,0.5785,0.2045,0.25
11,0.0,1.0,0.0,0.59,0.415,0.15,0.8805,0.3645,0.23399999999999999,0.235
7,0.0,0.0,1.0,0.3,0.22,0.09,0.1425,0.057,0.0335,0.043
11,0.0,1.0,0.0,0.495,0.375,0.15,0.597,0.2615,0.135,0.17800000000000002
8,1.0,0.0,0.0,0.36,0.295,0.105,0.24100000000000002,0.0865,0.053,0.095
7,0.0,1.0,0.0,0.38,0.32,0.115,0.6475,0.32299999999999995,0.1325,0.16399999999999998
11,1.0,0.0,0.0,0.7,0.545,0.185,1.6135,0.75,0.4035,0.3685
10,1.0,0.0,0.0,0.415,0.325,0.14,0.41700000000000004,0.1535,0.1015,0.14400000000000002
13,1.0,0.0,0.0,0.57,0.44,0.155,1.1159999999999999,0.4775,0.2315,0.27
8,1.0,0.0,0.0,0.595,0.485,0.15,1.0835,0.5305,0.231,0.276
